{
  "proof": "C_rate_limit",
  "metric": "rolling_goodput",
  "baseline": {
    "mean": 0.01797698616402661,
    "late": 0.0,
    "p10": 0.0,
    "min": 0.0
  },
  "engine": {
    "mean": 0.2526645253739471,
    "late": 0.2530381944444444,
    "p10": 0.19328703703703703,
    "min": 0.16987179487179488
  },
  "kernel": {
    "mean": 0.9377804562911838,
    "late": 0.9445566403484816,
    "p10": 0.9424343190389962,
    "min": 0.6493358800125183
  },
  "late_alive_baseline": 0.0,
  "late_alive_engine": 8.625,
  "improvement_mean": 0.23468753920992053
}