{
  "proof": "B_job_queue",
  "baseline": {
    "mean": 0.5104097222222223,
    "late": 0.5758333333333333,
    "p10": 0.38,
    "min": 0.3
  },
  "engine": {
    "mean": 0.7428263888888889,
    "late": 0.735,
    "p10": 0.64,
    "min": 0.54
  },
  "kernel": {
    "mean": 0.9406747560921886,
    "late": 0.9494740990514469,
    "p10": 0.941364777403679,
    "min": 0.6600648329290364
  },
  "improvement_mean": 0.2324166666666666
}