{
  "proof": "A_agent_fleet",
  "kernel": "1.0",
  "steps": 120,
  "baseline_success": {
    "mean": 0.4735416666666667,
    "late_mean": 0.48541666666666666,
    "p10": 0.1725,
    "min": 0.075,
    "max": 0.9
  },
  "engine_success": {
    "mean": 0.6947916666666667,
    "late_mean": 0.6864583333333334,
    "p10": 0.525,
    "min": 0.375,
    "max": 0.95
  },
  "kernel_stability": {
    "mean": 0.944399622775874,
    "late_mean": 0.9505600391683474,
    "p10": 0.9393940741462239,
    "min": 0.6568781781460971,
    "max": 0.9624587937109722
  },
  "improvement_mean": 0.22125,
  "improvement_late": 0.20104166666666673,
  "improvement_p10": 0.35250000000000004,
  "baseline_final_active": 9,
  "engine_final_active": 20,
  "engine_final_quarantined": 0
}