{
  "target": 0.96,
  "host_pressure_sim": true,
  "resource_driver": true,
  "n_exams": 5,
  "cycles_per_exam": 5,
  "pass_criteria": {
    "gp": 0.22,
    "alive": 12.0,
    "stab": 0.955,
    "storm": 0.95,
    "post": 12.0,
    "pre_arm": 0.4
  },
  "final_pass": false,
  "exams": [
    {
      "exam": 1,
      "knobs": {
        "surge_strength": 0.95,
        "host_strength": 0.9,
        "bright_ratio": 1,
        "train_lr": 1.18,
        "extra_repair": 0.02,
        "extra_pairing": 0.02,
        "ease_damper": 0.0,
        "extra_recovery_drive": 0.12,
        "extra_horizon": 0.05
      },
      "credit_opt": {
        "gp_mean": 0.19509610260074753,
        "alive_end": 18.6,
        "stab_late": 0.9626349507231268,
        "stab_vs_target": 0.0026349507231267387,
        "mean_err_gp": 0.014094560595197864,
        "mean_regret": 0.04150390049985862,
        "gp_surge": 0.16959183673469388,
        "alive_surge": 9.257142857142858,
        "storm_on_surge": 1.0,
        "damper_surge": 2.1928473475612185,
        "damper_calm": 2.141545576371707,
        "post_surge_alive": 18.466666666666665,
        "post_surge_gp": 0.16458333333333333,
        "recovery_frac_post": 0.5833333333333334,
        "pre_arm_lead": 1.0,
        "risk_lead": 0.5745308313960947,
        "storm_lead": 1.0,
        "mean_throttle": 0.33032679607223414,
        "mean_host_cpu": 0.24084468458164338
      },
      "no_credit": {
        "gp_mean": 0.19200653054126843,
        "alive_end": 21.6,
        "gp_surge": 0.16908163265306125,
        "storm_on_surge": 1.0,
        "post_surge_alive": 17.96666666666667,
        "pre_arm_lead": 1.0,
        "mean_throttle": 0.3251816868257527
      },
      "intuition": {
        "damper_bias": 2.006398715519407,
        "repair_bias": 2.4,
        "explore_bias": 0.1,
        "countermeasure_invest": 0.985,
        "pairing_strength": 1.9557015485888711,
        "failure_respect": 1.0564810092337678,
        "predict_trust": 0.9,
        "target_coherence": 0.96,
        "recovery_drive": 1.9,
        "horizon_sensitivity": 1.058
      }
    },
    {
      "exam": 2,
      "knobs": {
        "surge_strength": 0.87,
        "host_strength": 0.8200000000000001,
        "bright_ratio": 2,
        "train_lr": 1.0974,
        "extra_repair": 0.02,
        "extra_pairing": 0.02,
        "ease_damper": 0.0,
        "extra_recovery_drive": 0.12,
        "extra_horizon": 0.05
      },
      "credit_opt": {
        "gp_mean": 0.19462134920860513,
        "alive_end": 17.6,
        "stab_late": 0.9622214128081177,
        "stab_vs_target": 0.002221412808117651,
        "mean_err_gp": 0.012903044178058532,
        "mean_regret": 0.04256510494936033,
        "gp_surge": 0.16688775510204082,
        "alive_surge": 8.2,
        "storm_on_surge": 1.0,
        "damper_surge": 1.9830143344624918,
        "damper_calm": 1.9331442983842568,
        "post_surge_alive": 18.733333333333334,
        "post_surge_gp": 0.164375,
        "recovery_frac_post": 0.5833333333333334,
        "pre_arm_lead": 1.0,
        "risk_lead": 0.5573777949817598,
        "storm_lead": 1.0,
        "mean_throttle": 0.33207653520008634,
        "mean_host_cpu": 0.23870885287428806
      },
      "no_credit": {
        "gp_mean": 0.19147374348686289,
        "alive_end": 22.8,
        "gp_surge": 0.16051020408163263,
        "storm_on_surge": 1.0,
        "post_surge_alive": 17.833333333333336,
        "pre_arm_lead": 1.0,
        "mean_throttle": 0.3236703221037941
      },
      "intuition": {
        "damper_bias": 1.7981489781641944,
        "repair_bias": 2.4,
        "explore_bias": 0.1,
        "countermeasure_invest": 0.9899999999999999,
        "pairing_strength": 2.5,
        "failure_respect": 1.122886980351393,
        "predict_trust": 0.9,
        "target_coherence": 0.96,
        "recovery_drive": 1.9,
        "horizon_sensitivity": 1.066
      }
    },
    {
      "exam": 3,
      "knobs": {
        "surge_strength": 0.79,
        "host_strength": 0.7400000000000001,
        "bright_ratio": 3,
        "train_lr": 1.020582,
        "extra_repair": 0.02,
        "extra_pairing": 0.02,
        "ease_damper": 0.0,
        "extra_recovery_drive": 0.12,
        "extra_horizon": 0.05
      },
      "credit_opt": {
        "gp_mean": 0.19534543209729896,
        "alive_end": 19.8,
        "stab_late": 0.9612296954174241,
        "stab_vs_target": 0.001229695417424126,
        "mean_err_gp": 0.0135162290830324,
        "mean_regret": 0.04210989959761594,
        "gp_surge": 0.16964285714285715,
        "alive_surge": 7.428571428571429,
        "storm_on_surge": 1.0,
        "damper_surge": 1.7221390340304883,
        "damper_calm": 1.680597779774926,
        "post_surge_alive": 18.56666666666667,
        "post_surge_gp": 0.16687500000000002,
        "recovery_frac_post": 0.5833333333333334,
        "pre_arm_lead": 1.0,
        "risk_lead": 0.5256661525909685,
        "storm_lead": 1.0,
        "mean_throttle": 0.3339735748509259,
        "mean_host_cpu": 0.2353924167538762
      },
      "no_credit": {
        "gp_mean": 0.19175710977013244,
        "alive_end": 23.0,
        "gp_surge": 0.16698979591836735,
        "storm_on_surge": 1.0,
        "post_surge_alive": 18.083333333333336,
        "pre_arm_lead": 1.0,
        "mean_throttle": 0.32580269100409576
      },
      "intuition": {
        "damper_bias": 1.5418019156734148,
        "repair_bias": 2.4,
        "explore_bias": 0.1,
        "countermeasure_invest": 1.005,
        "pairing_strength": 2.5,
        "failure_respect": 1.2045666758087263,
        "predict_trust": 0.9,
        "target_coherence": 0.96,
        "recovery_drive": 1.9,
        "horizon_sensitivity": 1.09
      }
    },
    {
      "exam": 4,
      "knobs": {
        "surge_strength": 0.7100000000000001,
        "host_strength": 0.6600000000000001,
        "bright_ratio": 3,
        "train_lr": 0.9491412600000001,
        "extra_repair": 0.02,
        "extra_pairing": 0.02,
        "ease_damper": 0.0,
        "extra_recovery_drive": 0.12,
        "extra_horizon": 0.05
      },
      "credit_opt": {
        "gp_mean": 0.1939279221672837,
        "alive_end": 20.2,
        "stab_late": 0.9593691178043677,
        "stab_vs_target": -0.0006308821956321653,
        "mean_err_gp": 0.013341212200559904,
        "mean_regret": 0.042535919509910106,
        "gp_surge": 0.1704591836734694,
        "alive_surge": 7.628571428571429,
        "storm_on_surge": 1.0,
        "damper_surge": 1.4786666952887197,
        "damper_calm": 1.463417981496721,
        "post_surge_alive": 18.816666666666666,
        "post_surge_gp": 0.1694642857142857,
        "recovery_frac_post": 0.5833333333333334,
        "pre_arm_lead": 1.0,
        "risk_lead": 0.5051823113200412,
        "storm_lead": 1.0,
        "mean_throttle": 0.33268223198877334,
        "mean_host_cpu": 0.23366788751864345
      },
      "no_credit": {
        "gp_mean": 0.19215656700210393,
        "alive_end": 22.4,
        "gp_surge": 0.16969387755102044,
        "storm_on_surge": 1.0,
        "post_surge_alive": 18.049999999999997,
        "pre_arm_lead": 1.0,
        "mean_throttle": 0.3202971261158297
      },
      "intuition": {
        "damper_bias": 1.3014453029894542,
        "repair_bias": 2.4,
        "explore_bias": 0.1,
        "countermeasure_invest": 1.0299999999999998,
        "pairing_strength": 2.5,
        "failure_respect": 1.2776924446373783,
        "predict_trust": 0.9,
        "target_coherence": 0.96,
        "recovery_drive": 1.9,
        "horizon_sensitivity": 1.1300000000000001
      }
    },
    {
      "exam": 5,
      "knobs": {
        "surge_strength": 0.7100000000000001,
        "host_strength": 0.6600000000000001,
        "bright_ratio": 3,
        "train_lr": 0.8827013718000002,
        "extra_repair": 0.02,
        "extra_pairing": 0.02,
        "ease_damper": 0.0,
        "extra_recovery_drive": 0.12,
        "extra_horizon": 0.05
      },