{
  "proof": "C_rate_limit",
  "metric": "rolling_goodput",
  "baseline": {
    "mean": 0.01797698616402661,
    "late": 0.0,
    "p10": 0.0,
    "min": 0.0
  },
  "engine": {
    "mean": 0.2569261538771423,
    "late": 0.2625,
    "p10": 0.19904761904761906,
    "min": 0.18055555555555555
  },
  "kernel": {
    "mean": 0.9382181631805689,
    "late": 0.9453928502701764,
    "p10": 0.9421295774814616,
    "min": 0.6505513349152168
  },
  "late_alive_baseline": 0.0,
  "late_alive_engine": 8.208333333333334,
  "improvement_mean": 0.2389491677131157
}