{
  "annihilation": {
    "baseline": {
      "n": 4,
      "late_mean": 0.6441929334687128,
      "late_std": 0.0022222189517094107,
      "min_mean": 0.42616008549501305,
      "hell_min_mean": 0.6148373755638191,
      "edge_mean": 0.5302874270665379,
      "hard_rate": 1.0,
      "soft_rate": 0.0,
      "hold_rate": 0.0,
      "lock_mean": 0.0,
      "mean_I": 6.985323817704343,
      "max_I_seen": 8.338250478613263
    },
    "surge_only": {
      "n": 4,
      "late_mean": 0.6902381985502015,
      "late_std": 0.002181947028695129,
      "min_mean": 0.4310073130917387,
      "hell_min_mean": 0.6628368881878892,
      "edge_mean": 0.591564094394168,
      "hard_rate": 1.0,
      "soft_rate": 0.0,
      "hold_rate": 0.0,
      "lock_mean": 0.0,
      "mean_I": 6.985323817704343,
      "max_I_seen": 8.338250478613263
    },
    "beacons_only": {
      "n": 4,
      "late_mean": 0.6572852057538638,
      "late_std": 0.00213028845808146,
      "min_mean": 0.4345508796402917,
      "hell_min_mean": 0.6312052481695184,
      "edge_mean": 0.5748799770509189,
      "hard_rate": 1.0,
      "soft_rate": 0.0,
      "hold_rate": 0.0,
      "lock_mean": 0.0,
      "mean_I": 6.985323817704343,
      "max_I_seen": 8.338250478613263
    },
    "surge_beacons": {
      "n": 4,
      "late_mean": 0.7008245744427344,
      "late_std": 0.0019473398930778022,
      "min_mean": 0.4392350491936027,
      "hell_min_mean": 0.6770738745613785,
      "edge_mean": 0.6293908480124598,
      "hard_rate": 0.5,
      "soft_rate": 0.5,
      "hold_rate": 0.0,
      "lock_mean": 0.0,
      "mean_I": 6.985323817704343,
      "max_I_seen": 8.338250478613263
    },
    "full_defense": {
      "n": 4,
      "late_mean": 0.7111070827151953,
      "late_std": 0.0019442903304349374,
      "min_mean": 0.440288306218652,
      "hell_min_mean": 0.6879237764669323,
      "edge_mean": 0.6410767551547705,
      "hard_rate": 0.0,
      "soft_rate": 1.0,
      "hold_rate": 0.0,
      "lock_mean": 0.0,
      "mean_I": 6.985323817704343,
      "max_I_seen": 8.338250478613263
    }
  },
  "double_nuke": {
    "baseline": {
      "n": 4,
      "late_mean": 0.5324219064797022,
      "late_std": 0.004427204009531929,
      "min_mean": 0.3632552225198017,
      "hell_min_mean": 0.48792353077635825,
      "edge_mean": 0.23674152438509058,
      "hard_rate": 1.0,
      "soft_rate": 0.0,
      "hold_rate": 0.0,
      "lock_mean": 0.0,
      "mean_I": 9.480197247557564,
      "max_I_seen": 11.641200765781221
    },
    "surge_only": {
      "n": 4,
      "late_mean": 0.5747642507506836,
      "late_std": 0.004828501778318209,
      "min_mean": 0.36913461456218566,
      "hell_min_mean": 0.5272349818331181,
      "edge_mean": 0.27181902016270687,
      "hard_rate": 1.0,
      "soft_rate": 0.0,
      "hold_rate": 0.0,
      "lock_mean": 0.0,
      "mean_I": 9.480197247557564,
      "max_I_seen": 11.641200765781221
    },
    "beacons_only": {
      "n": 4,
      "late_mean": 0.5543043230367514,
      "late_std": 0.004030880520271424,
      "min_mean": 0.3764714097820737,
      "hell_min_mean": 0.5153450839982705,
      "edge_mean": 0.3290658896324065,
      "hard_rate": 1.0,
      "soft_rate": 0.0,
      "hold_rate": 0.0,
      "lock_mean": 0.0,
      "mean_I": 9.480197247557564,
      "max_I_seen": 11.641200765781221
    },
    "surge_beacons": {
      "n": 4,
      "late_mean": 0.5974983252059429,
      "late_std": 0.004329784967634895,
      "min_mean": 0.3823074975341151,
      "hell_min_mean": 0.5560628528309106,
      "edge_mean": 0.36461490341702474,
      "hard_rate": 1.0,
      "soft_rate": 0.0,
      "hold_rate": 0.0,
      "lock_mean": 0.0,
      "mean_I": 9.480197247557564,
      "max_I_seen": 11.641200765781221
    },
    "full_defense": {
      "n": 4,
      "late_mean": 0.611237250897012,
      "late_std": 0.0043575862767279,
      "min_mean": 0.38440022814778085,
      "hell_min_mean": 0.569135045546738,
      "edge_mean": 0.3889131421189954,
      "hard_rate": 1.0,
      "soft_rate": 0.0,
      "hold_rate": 0.0,
      "lock_mean": 0.0,
      "mean_I": 9.480197247557564,
      "max_I_seen": 11.641200765781221
    }
  }
}